T_CAL,R_typ,R_min,R_max,V_typ,V_min,V_max,bit_typ,bit_min,bit_max,err_n,err_p,I max (mA),P max (mW),%-,%+
-100,111312560,110199434,112425685,4.83,4.78,4.88,988,987,988,1,0,0.000,0.000,0.1%,0.0%
-99,104938023,103888642,105987403,4.83,4.78,4.88,988,987,988,1,0,0.000,0.000,0.1%,0.0%
-98,98960803,97971195,99950411,4.83,4.78,4.88,988,987,988,1,0,0.000,0.000,0.1%,0.0%
-97,93354230,92420688,94287773,4.83,4.78,4.88,988,987,988,1,0,0.000,0.000,0.1%,0.0%
-96,88093546,87212610,88974481,4.83,4.78,4.88,988,987,988,1,0,0.000,0.000,0.1%,0.0%
-95,83155759,82324201,83987317,4.83,4.78,4.88,988,987,988,1,0,0.000,0.000,0.1%,0.0%
-94,78519512,77734317,79304707,4.83,4.78,4.88,987,987,988,0,1,0.000,0.000,0.0%,0.1%
-93,74164957,73423307,74906606,4.83,4.78,4.88,987,987,988,0,1,0.000,0.000,0.0%,0.1%
-92,70073642,69372906,70774379,4.83,4.78,4.88,987,987,988,0,1,0.000,0.000,0.0%,0.1%
-91,66228410,65566126,66890694,4.83,4.78,4.88,987,987,988,0,1,0.000,0.000,0.0%,0.1%
-90,62613297,61987164,63239430,4.83,4.78,4.88,987,987,988,0,1,0.000,0.000,0.0%,0.1%
-89,59213448,58621313,59805582,4.83,4.78,4.88,987,987,988,0,1,0.000,0.000,0.0%,0.1%
-88,56015033,55454883,56575183,4.83,4.78,4.88,987,987,988,0,1,0.000,0.000,0.0%,0.1%
-87,53005174,52475122,53535226,4.83,4.78,4.88,987,987,988,0,1,0.000,0.000,0.0%,0.1%
-86,50171874,49670155,50673592,4.83,4.78,4.88,987,987,988,0,1,0.000,0.000,0.0%,0.1%
-85,47503950,47028911,47978990,4.83,4.78,4.88,987,987,988,0,1,0.000,0.000,0.0%,0.1%
-84,44990982,44541072,45440892,4.83,4.78,4.88,987,986,988,1,1,0.000,0.001,0.1%,0.1%
-83,42623248,42197016,43049481,4.83,4.78,4.88,987,986,988,1,1,0.000,0.001,0.1%,0.1%
-82,40391684,39987767,40795601,4.83,4.78,4.88,987,986,988,1,1,0.000,0.001,0.1%,0.1%
-81,38287827,37904949,38670705,4.83,4.78,4.88,987,986,988,1,1,0.000,0.001,0.1%,0.1%
-80,36303781,35940743,36666819,4.83,4.77,4.88,987,986,988,1,1,0.000,0.001,0.1%,0.1%
-79,34432171,34087849,34776493,4.83,4.77,4.88,987,986,988,1,1,0.000,0.001,0.1%,0.1%
-78,32666109,32339448,32992770,4.83,4.77,4.88,987,986,988,1,1,0.000,0.001,0.1%,0.1%
-77,30999160,30689169,31309152,4.83,4.77,4.88,987,986,988,1,1,0.000,0.001,0.1%,0.1%
-76,29425309,29131056,29719562,4.83,4.77,4.88,987,986,987,1,0,0.000,0.001,0.1%,0.0%
-75,27938931,27659541,28218320,4.83,4.77,4.88,987,986,987,1,0,0.000,0.001,0.1%,0.0%
-74,26534766,26269419,26800114,4.82,4.77,4.88,987,986,987,1,0,0.000,0.001,0.1%,0.0%
-73,25207896,24955817,25459975,4.82,4.77,4.88,987,986,987,1,0,0.000,0.001,0.1%,0.0%
-72,23953713,23714176,24193251,4.82,4.77,4.88,987,986,987,1,0,0.000,0.001,0.1%,0.0%
-71,22767910,22540231,22995589,4.82,4.77,4.88,986,986,987,0,1,0.000,0.001,0.0%,0.1%
-70,21646448,21429983,21862912,4.82,4.77,4.88,986,986,987,0,1,0.000,0.001,0.0%,0.1%
-69,20585547,20379692,20791403,4.82,4.77,4.87,986,986,987,0,1,0.000,0.001,0.0%,0.1%
-68,19581666,19385849,19777483,4.82,4.77,4.87,986,985,987,1,1,0.000,0.001,0.1%,0.1%
-67,18631484,18445169,18817799,4.82,4.77,4.87,986,985,987,1,1,0.000,0.001,0.1%,0.1%
-66,17731889,17554571,17909208,4.82,4.77,4.87,986,985,987,1,1,0.000,0.001,0.1%,0.1%
-65,16879963,16711163,17048763,4.82,4.77,4.87,986,985,987,1,1,0.000,0.001,0.1%,0.1%
-64,16072967,15912237,16233697,4.82,4.77,4.87,986,985,987,1,1,0.000,0.001,0.1%,0.1%
-63,15308332,15155249,15461416,4.82,4.77,4.87,986,985,986,1,0,0.000,0.002,0.1%,0.0%
-62,14583648,14437812,14729485,4.82,4.77,4.87,986,985,986,1,0,0.000,0.002,0.1%,0.0%
-61,13896650,13757684,14035617,4.82,4.77,4.87,986,985,986,1,0,0.000,0.002,0.1%,0.0%
-60,13245213,13112761,13377665,4.82,4.77,4.87,985,985,986,0,1,0.000,0.002,0.0%,0.1%
-59,12627339,12501066,12753613,4.82,4.77,4.87,985,985,986,0,1,0.000,0.002,0.0%,0.1%
-58,12041153,11920741,12161564,4.82,4.77,4.87,985,984,986,1,1,0.000,0.002,0.1%,0.1%
-57,11484889,11370040,11599738,4.82,4.77,4.87,985,984,986,1,1,0.000,0.002,0.1%,0.1%
-56,10956890,10847321,11066459,4.82,4.76,4.87,985,984,986,1,1,0.000,0.002,0.1%,0.1%
-55,10455597,10351041,10560153,4.82,4.76,4.87,985,984,985,1,0,0.000,0.002,0.1%,0.0%
-54,9979543,9879747,10079338,4.81,4.76,4.87,985,984,985,1,0,0.000,0.002,0.1%,0.0%
-53,9527347,9432073,9622620,4.81,4.76,4.87,984,984,985,0,1,0.001,0.002,0.0%,0.1%
-52,9097710,9006733,9188687,4.81,4.76,4.86,984,984,985,0,1,0.001,0.003,0.0%,0.1%
-51,8689410,8602516,8776305,4.81,4.76,4.86,984,983,985,1,1,0.001,0.003,0.1%,0.1%
-50,8301296,8218283,8384308,4.81,4.76,4.86,984,983,985,1,1,0.001,0.003,0.1%,0.1%
-49,7932281,7852958,8011604,4.81,4.76,4.86,984,983,984,1,0,0.001,0.003,0.1%,0.0%
-48,7581344,7505531,7657158,4.81,4.76,4.86,984,983,984,1,0,0.001,0.003,0.1%,0.0%
-47,7247523,7175048,7319998,4.81,4.76,4.86,983,983,984,0,1,0.001,0.003,0.0%,0.1%
-46,6929909,6860610,6999208,4.81,4.76,4.86,983,982,984,1,1,0.001,0.003,0.1%,0.1%
-45,6627647,6561370,6693923,4.81,4.75,4.86,983,982,984,1,1,0.001,0.004,0.1%,0.1%
-44,6339928,6276529,6403328,4.81,4.75,4.86,983,982,983,1,0,0.001,0.004,0.1%,0.0%
-43,6065993,6005333,6126652,4.80,4.75,4.86,982,982,983,0,1,0.001,0.004,0.0%,0.1%
-42,5805121,5747069,5863172,4.80,4.75,4.85,982,981,983,1,1,0.001,0.004,0.1%,0.1%
-41,5556634,5501068,5612201,4.80,4.75,4.85,982,981,983,1,1,0.001,0.004,0.1%,0.1%
-40,5319893,5266694,5373092,4.80,4.75,4.85,982,981,982,1,0,0.001,0.004,0.1%,0.0%
-39,5094293,5043350,5145236,4.80,4.75,4.85,981,981,982,0,1,0.001,0.005,0.0%,0.1%
-38,4879263,4830470,4928055,4.80,4.75,4.85,981,980,982,1,1,0.001,0.005,0.1%,0.1%
-37,4674263,4627520,4721005,4.80,4.74,4.85,981,980,982,1,1,0.001,0.005,0.1%,0.1%
-36,4478783,4433995,4523571,4.79,4.74,4.85,980,980,981,0,1,0.001,0.005,0.0%,0.1%
-35,4292342,4249418,4335265,4.79,4.74,4.85,980,979,981,1,1,0.001,0.005,0.1%,0.1%
-34,4114483,4073338,4155628,4.79,4.74,4.84,980,979,981,1,1,0.001,0.006,0.1%,0.1%
-33,3944777,3905329,3984225,4.79,4.74,4.84,980,979,980,1,0,0.001,0.006,0.1%,0.0%
-32,3782816,3744988,3820644,4.79,4.74,4.84,979,978,980,1,1,0.001,0.006,0.1%,0.1%
-31,3628214,3591932,3664496,4.79,4.73,4.84,979,978,980,1,1,0.001,0.006,0.1%,0.1%
-30,3480606,3445800,3515413,4.78,4.73,4.84,978,978,979,0,1,0.001,0.007,0.0%,0.1%
-29,3339648,3306252,3373045,4.78,4.73,4.83,978,977,979,1,1,0.001,0.007,0.1%,0.1%
-28,3205012,3172962,3237062,4.78,4.73,4.83,978,977,978,1,0,0.001,0.007,0.1%,0.0%
-27,3076389,3045625,3107153,4.78,4.73,4.83,977,976,978,1,1,0.002,0.008,0.1%,0.1%
-26,2953486,2923951,2983021,4.78,4.72,4.83,977,976,978,1,1,0.002,0.008,0.1%,0.1%
-25,2836025,2807665,2864385,4.77,4.72,4.83,976,975,977,1,1,0.002,0.008,0.1%,0.1%
-24,2723742,2696505,2750980,4.77,4.72,4.82,976,975,977,1,1,0.002,0.008,0.1%,0.1%
-23,2616389,2590226,2642553,4.77,4.72,4.82,975,974,976,1,1,0.002,0.009,0.1%,0.1%
-22,2513730,2488592,2538867,4.77,4.71,4.82,975,974,976,1,1,0.002,0.009,0.1%,0.1%
-21,2415539,2391383,2439694,4.76,4.71,4.82,974,973,975,1,1,0.002,0.010,0.1%,0.1%
-20,2321604,2298388,2344820,4.76,4.71,4.81,974,973,975,1,1,0.002,0.010,0.1%,0.1%
-19,2231724,2209406,2254041,4.76,4.71,4.81,973,972,974,1,1,0.002,0.010,0.1%,0.1%
-18,2145707,2124250,2167164,4.76,4.70,4.81,973,972,974,1,1,0.002,0.011,0.1%,0.1%
-17,2063372,2042738,2084006,4.75,4.70,4.81,972,971,973,1,1,0.002,0.011,0.1%,0.1%
-16,1984546,1964701,2004392,4.75,4.70,4.80,971,970,972,1,1,0.002,0.012,0.1%,0.1%
-15,1909066,1889975,1928157,4.75,4.69,4.80,971,970,972,1,1,0.002,0.012,0.1%,0.1%
-14,1836776,1818409,1855144,4.74,4.69,4.80,970,969,971,1,1,0.003,0.012,0.1%,0.1%
-13,1767530,1749854,1785205,4.74,4.69,4.79,969,968,970,1,1,0.003,0.013,0.1%,0.1%
-12,1701186,1684174,1718197,4.74,4.68,4.79,969,968,970,1,1,0.003,0.013,0.1%,0.1%
-11,1637611,1621235,1653987,4.73,4.68,4.79,968,967,969,1,1,0.003,0.014,0.1%,0.1%
-10,1576679,1560912,1592446,4.73,4.68,4.78,967,966,968,1,1,0.003,0.014,0.1%,0.1%
-9,1518270,1503087,1533453,4.73,4.67,4.78,966,965,967,1,1,0.003,0.015,0.1%,0.1%
-8,1462269,1447646,1476892,4.72,4.67,4.77,966,964,967,2,1,0.003,0.015,0.2%,0.1%
-7,1408568,1394482,1422653,4.72,4.67,4.77,965,964,966,1,1,0.003,0.016,0.1%,0.1%
-6,1357062,1343492,1370633,4.71,4.66,4.77,964,963,965,1,1,0.003,0.017,0.1%,0.1%
-5,1307654,1294578,1320731,4.71,4.66,4.76,963,962,964,1,1,0.004,0.017,0.1%,0.1%
-4,1260250,1247648,1272853,4.70,4.65,4.76,962,961,963,1,1,0.004,0.018,0.1%,0.1%
-3,1214761,1202614,1226909,4.70,4.65,4.75,961,960,962,1,1,0.004,0.018,0.1%,0.1%
-2,1171102,1159391,1182813,4.70,4.64,4.75,960,959,961,1,1,0.004,0.019,0.1%,0.1%
-1,1129193,1117901,1140485,4.69,4.64,4.74,959,958,960,1,1,0.004,0.020,0.1%,0.1%
0,1088955,1078066,1099845,4.69,4.63,4.74,958,957,959,1,1,0.004,0.020,0.1%,0.1%
1,1050317,1039814,1060821,4.68,4.63,4.73,957,956,958,1,1,0.004,0.021,0.1%,0.1%
2,1013209,1003077,1023341,4.67,4.62,4.73,956,955,957,1,1,0.005,0.022,0.1%,0.1%
3,977564,967788,987339,4.67,4.62,4.72,955,954,956,1,1,0.005,0.023,0.1%,0.1%
4,943318,933885,952751,4.66,4.61,4.72,954,952,955,2,1,0.005,0.023,0.2%,0.1%
5,910412,901308,919516,4.66,4.60,4.71,953,951,954,2,1,0.005,0.024,0.2%,0.1%
6,878787,869999,887575,4.65,4.60,4.70,951,950,953,1,2,0.005,0.025,0.1%,0.2%
7,848390,839906,856874,4.65,4.59,4.70,950,949,951,1,1,0.005,0.026,0.1%,0.1%
8,819167,810976,827359,4.64,4.59,4.69,949,947,950,2,1,0.006,0.027,0.2%,0.1%
9,791070,783159,798980,4.63,4.58,4.69,947,946,949,1,2,0.006,0.027,0.1%,0.2%
10,764049,756409,771690,4.63,4.57,4.68,946,945,947,1,1,0.006,0.028,0.1%,0.1%
11,738061,730680,745441,4.62,4.57,4.67,945,943,946,2,1,0.006,0.029,0.2%,0.1%
12,713061,705930,720192,4.61,4.56,4.67,943,942,945,1,2,0.006,0.030,0.1%,0.2%
13,689008,682118,695898,4.60,4.55,4.66,942,940,943,2,1,0.007,0.031,0.2%,0.1%
14,665864,659205,672522,4.60,4.54,4.65,940,939,942,1,2,0.007,0.032,0.1%,0.2%
15,643589,637153,650025,4.59,4.54,4.64,939,937,940,2,1,0.007,0.033,0.2%,0.1%
16,622148,615927,628370,4.58,4.53,4.64,937,935,939,2,2,0.007,0.034,0.2%,0.2%
17,601508,595493,607523,4.57,4.52,4.63,935,934,937,1,2,0.008,0.035,0.1%,0.2%
18,581634,575817,587450,4.57,4.51,4.62,934,932,935,2,1,0.008,0.036,0.2%,0.1%
19,562496,556871,568120,4.56,4.50,4.61,932,930,933,2,1,0.008,0.037,0.2%,0.1%
20,544063,538622,549504,4.55,4.49,4.60,930,928,932,2,2,0.008,0.039,0.2%,0.2%
21,526307,521044,531570,4.54,4.49,4.59,928,927,930,1,2,0.009,0.040,0.1%,0.2%
22,509201,504109,514293,4.53,4.48,4.58,926,925,928,1,2,0.009,0.041,0.1%,0.2%
23,492719,487791,497646,4.52,4.47,4.57,924,923,926,1,2,0.009,0.042,0.1%,0.2%
24,476835,472066,481603,4.51,4.46,4.56,922,921,924,1,2,0.009,0.043,0.1%,0.2%
25,461525,456910,466140,4.50,4.45,4.56,920,919,922,1,2,0.010,0.045,0.1%,0.2%
26,446767,442299,451234,4.49,4.44,4.55,918,916,920,2,2,0.010,0.046,0.2%,0.2%
27,432538,428213,436864,4.48,4.43,4.53,916,914,918,2,2,0.010,0.047,0.2%,0.2%
28,418819,414630,423007,4.47,4.42,4.52,914,912,916,2,2,0.011,0.048,0.2%,0.2%
29,405588,401532,409643,4.46,4.40,4.51,912,910,914,2,2,0.011,0.050,0.2%,0.2%
30,392826,388898,396754,4.45,4.39,4.50,910,908,912,2,2,0.011,0.051,0.2%,0.2%
31,380516,376710,384321,4.44,4.38,4.49,907,905,909,2,2,0.012,0.052,0.2%,0.2%
32,368639,364952,372325,4.42,4.37,4.48,905,903,907,2,2,0.012,0.054,0.2%,0.2%
33,357178,353607,360750,4.41,4.36,4.47,902,900,905,2,3,0.012,0.055,0.2%,0.3%
34,346119,342658,349580,4.40,4.35,4.46,900,898,902,2,2,0.013,0.057,0.2%,0.2%
35,335444,332090,338799,4.39,4.33,4.44,897,895,900,2,3,0.013,0.058,0.2%,0.3%
36,325140,321889,328391,4.38,4.32,4.43,895,893,897,2,2,0.013,0.060,0.2%,0.2%
37,315192,312040,318344,4.36,4.31,4.42,892,890,894,2,2,0.014,0.061,0.2%,0.2%
38,305586,302530,308642,4.35,4.29,4.40,889,887,892,2,3,0.014,0.063,0.2%,0.3%
39,296310,293347,299273,4.34,4.28,4.39,887,884,889,3,2,0.015,0.064,0.3%,0.2%
40,287351,284478,290225,4.32,4.27,4.38,884,881,886,3,2,0.015,0.066,0.3%,0.2%
41,278697,275910,281484,4.31,4.25,4.36,881,878,883,3,2,0.016,0.068,0.3%,0.2%
42,270337,267633,273040,4.29,4.24,4.35,878,876,880,2,2,0.016,0.069,0.2%,0.2%
43,262259,259636,264882,4.28,4.22,4.33,875,872,878,3,3,0.016,0.071,0.3%,0.3%
44,254453,251909,256998,4.26,4.21,4.32,872,869,875,3,3,0.017,0.073,0.3%,0.3%
45,246909,244440,249378,4.25,4.19,4.30,869,866,871,3,2,0.017,0.074,0.3%,0.2%
46,239617,237221,242014,4.23,4.18,4.29,866,863,868,3,2,0.018,0.076,0.3%,0.2%
47,232569,230243,234894,4.22,4.16,4.27,862,860,865,2,3,0.018,0.078,0.2%,0.3%
48,225754,223496,228011,4.20,4.15,4.26,859,856,862,3,3,0.019,0.079,0.3%,0.3%
49,219164,216972,221356,4.19,4.13,4.24,856,853,859,3,3,0.019,0.081,0.4%,0.4%
50,212791,210664,214919,4.17,4.11,4.22,852,850,855,2,3,0.020,0.083,0.2%,0.4%
51,206628,204562,208694,4.15,4.10,4.21,849,846,852,3,3,0.020,0.085,0.4%,0.4%
52,200666,198660,202673,4.13,4.08,4.19,845,842,848,3,3,0.021,0.087,0.4%,0.4%
53,194899,192950,196848,4.12,4.06,4.17,842,839,845,3,3,0.021,0.088,0.4%,0.4%
54,189318,187425,191212,4.10,4.04,4.15,838,835,841,3,3,0.022,0.090,0.4%,0.4%
55,183919,182079,185758,4.08,4.02,4.14,834,831,837,3,3,0.022,0.092,0.4%,0.4%
56,178693,176906,180480,4.06,4.01,4.12,831,827,834,4,3,0.023,0.094,0.5%,0.4%
57,173635,171899,175372,4.04,3.99,4.10,827,824,830,3,3,0.023,0.096,0.4%,0.4%
58,168739,167052,170427,4.02,3.97,4.08,823,820,826,3,3,0.024,0.098,0.4%,0.4%
59,163999,162359,165639,4.01,3.95,4.06,819,816,822,3,3,0.025,0.100,0.4%,0.4%
60,159410,157816,161004,3.99,3.93,4.04,815,812,818,3,3,0.025,0.101,0.4%,0.4%
61,154966,153417,156516,3.97,3.91,4.02,811,807,814,4,3,0.026,0.103,0.5%,0.4%
62,150663,149156,152169,3.95,3.89,4.00,807,803,810,4,3,0.026,0.105,0.5%,0.4%
63,146494,145029,147959,3.92,3.87,3.98,803,799,806,4,3,0.027,0.107,0.5%,0.4%
64,142457,141032,143881,3.90,3.85,3.96,798,795,802,3,4,0.028,0.109,0.4%,0.5%
65,138545,137159,139930,3.88,3.83,3.94,794,790,798,4,4,0.028,0.111,0.5%,0.5%
66,134755,133407,136102,3.86,3.81,3.92,790,786,793,4,3,0.029,0.113,0.5%,0.4%
67,131082,129771,132393,3.84,3.78,3.90,785,782,789,3,4,0.029,0.115,0.4%,0.5%
68,127523,126248,128798,3.82,3.76,3.87,781,777,784,4,3,0.030,0.117,0.5%,0.4%
69,124074,122833,125314,3.80,3.74,3.85,776,772,780,4,4,0.031,0.118,0.5%,0.5%
70,120730,119523,121937,3.77,3.72,3.83,772,768,775,4,3,0.031,0.120,0.5%,0.4%
71,117488,116313,118663,3.75,3.70,3.81,767,763,771,4,4,0.032,0.122,0.5%,0.5%
72,114346,113202,115489,3.73,3.67,3.78,762,758,766,4,4,0.033,0.124,0.5%,0.5%
73,111298,110185,112411,3.71,3.65,3.76,758,754,761,4,3,0.033,0.126,0.5%,0.4%
74,108343,107260,109426,3.68,3.63,3.74,753,749,757,4,4,0.034,0.128,0.5%,0.5%
75,105477,104422,106532,3.66,3.60,3.71,748,744,752,4,4,0.035,0.130,0.5%,0.5%
76,102697,101670,103724,3.63,3.58,3.69,743,739,747,4,4,0.036,0.131,0.5%,0.5%
77,100000,99000,101000,3.61,3.55,3.67,738,734,742,4,4,0.036,0.133,0.5%,0.5%
78,97384,96410,98357,3.59,3.53,3.64,733,729,737,4,4,0.037,0.135,0.5%,0.5%
79,94845,93897,95794,3.56,3.51,3.62,728,724,732,4,4,0.038,0.137,0.5%,0.5%
80,92382,91458,93306,3.54,3.48,3.59,723,719,727,4,4,0.039,0.138,0.6%,0.6%
81,89991,89091,90891,3.51,3.46,3.57,718,714,722,4,4,0.039,0.140,0.6%,0.6%
82,87671,86794,88548,3.49,3.43,3.54,713,708,717,5,4,0.040,0.142,0.7%,0.6%
83,85419,84565,86273,3.46,3.41,3.52,708,703,712,5,4,0.041,0.143,0.7%,0.6%
84,83232,82400,84065,3.44,3.38,3.49,702,698,707,4,5,0.042,0.145,0.6%,0.7%
85,81110,80299,81921,3.41,3.35,3.47,697,693,701,4,4,0.042,0.147,0.6%,0.6%
86,79049,78258,79839,3.38,3.33,3.44,692,687,696,5,4,0.043,0.148,0.7%,0.6%
87,77047,76277,77818,3.36,3.30,3.41,686,682,691,4,5,0.044,0.150,0.6%,0.7%
88,75103,74352,75854,3.33,3.28,3.39,681,676,686,5,5,0.045,0.151,0.7%,0.7%
89,73216,72483,73948,3.30,3.25,3.36,676,671,680,5,4,0.045,0.153,0.7%,0.6%
90,71382,70668,72096,3.28,3.22,3.33,670,666,675,4,5,0.046,0.154,0.6%,0.7%
91,69600,68904,70296,3.25,3.20,3.31,665,660,669,5,4,0.047,0.156,0.8%,0.6%
92,67869,67191,68548,3.22,3.17,3.28,659,655,664,4,5,0.048,0.157,0.6%,0.8%
93,66188,65526,66850,3.20,3.14,3.25,654,649,658,5,4,0.049,0.158,0.8%,0.6%
94,64554,63908,65199,3.17,3.12,3.23,648,643,653,5,5,0.049,0.160,0.8%,0.8%
95,62965,62336,63595,3.14,3.09,3.20,643,638,647,5,4,0.050,0.161,0.8%,0.6%
96,61422,60808,62036,3.12,3.06,3.17,637,632,642,5,5,0.051,0.162,0.8%,0.8%
97,59921,59322,60521,3.09,3.03,3.14,631,626,636,5,5,0.052,0.163,0.8%,0.8%
98,58463,57878,59047,3.06,3.01,3.12,626,621,631,5,5,0.053,0.164,0.8%,0.8%
99,57045,56474,57615,3.03,2.98,3.09,620,615,625,5,5,0.054,0.165,0.8%,0.8%
100,55666,55109,56223,3.01,2.95,3.06,614,609,619,5,5,0.054,0.166,0.8%,0.8%
101,54325,53782,54869,2.98,2.92,3.03,609,604,614,5,5,0.055,0.167,0.8%,0.8%
102,53022,52491,53552,2.95,2.90,3.00,603,598,608,5,5,0.056,0.168,0.8%,0.8%
103,51753,51236,52271,2.92,2.87,2.98,597,592,602,5,5,0.057,0.169,0.8%,0.8%
104,50520,50015,51025,2.89,2.84,2.95,592,587,597,5,5,0.058,0.170,0.8%,0.8%
105,49320,48827,49814,2.87,2.81,2.92,586,581,591,5,5,0.059,0.171,0.9%,0.9%
106,48153,47672,48635,2.84,2.79,2.89,580,575,585,5,5,0.059,0.172,0.9%,0.9%
107,47018,46547,47488,2.81,2.76,2.86,574,569,579,5,5,0.060,0.173,0.9%,0.9%
108,45913,45453,46372,2.78,2.73,2.83,569,564,574,5,5,0.061,0.173,0.9%,0.9%
109,44837,44389,45286,2.75,2.70,2.81,563,558,568,5,5,0.062,0.174,0.9%,0.9%
110,43791,43353,44229,2.73,2.67,2.78,557,552,562,5,5,0.063,0.175,0.9%,0.9%
111,42773,42345,43200,2.70,2.65,2.75,551,546,557,5,6,0.064,0.175,0.9%,1.1%
112,41781,41363,42199,2.67,2.62,2.72,546,541,551,5,5,0.064,0.176,0.9%,0.9%
113,40816,40408,41224,2.64,2.59,2.69,540,535,545,5,5,0.065,0.176,0.9%,0.9%
114,39877,39478,40276,2.61,2.56,2.67,534,529,539,5,5,0.066,0.176,0.9%,0.9%
115,38962,38572,39352,2.59,2.54,2.64,529,524,534,5,5,0.067,0.177,0.9%,0.9%
116,38071,37691,38452,2.56,2.51,2.61,523,518,528,5,5,0.068,0.177,1.0%,1.0%
117,37204,36832,37576,2.53,2.48,2.58,517,512,522,5,5,0.069,0.177,1.0%,1.0%
118,36359,35996,36723,2.50,2.45,2.55,512,506,517,6,5,0.070,0.178,1.2%,1.0%
119,35537,35181,35892,2.48,2.43,2.53,506,501,511,5,5,0.070,0.178,1.0%,1.0%
120,34736,34388,35083,2.45,2.40,2.50,500,495,505,5,5,0.071,0.178,1.0%,1.0%
121,33955,33615,34295,2.42,2.37,2.47,495,490,500,5,5,0.072,0.178,1.0%,1.0%
122,33195,32863,33527,2.39,2.34,2.44,489,484,494,5,5,0.073,0.178,1.0%,1.0%
123,32454,32129,32778,2.37,2.32,2.41,484,478,489,6,5,0.074,0.178,1.2%,1.0%
124,31732,31415,32049,2.34,2.29,2.39,478,473,483,5,5,0.074,0.178,1.0%,1.0%
125,31028,30718,31339,2.31,2.26,2.36,472,467,478,5,6,0.075,0.178,1.1%,1.3%
126,30343,30040,30646,2.28,2.24,2.33,467,462,472,5,5,0.076,0.178,1.1%,1.1%
127,29675,29378,29972,2.26,2.21,2.31,461,456,467,5,6,0.077,0.177,1.1%,1.3%
128,29024,28733,29314,2.23,2.18,2.28,456,451,461,5,5,0.078,0.177,1.1%,1.1%
129,28389,28105,28673,2.20,2.16,2.25,451,446,456,5,5,0.079,0.177,1.1%,1.1%
130,27770,27492,28048,2.18,2.13,2.22,445,440,450,5,5,0.079,0.177,1.1%,1.1%
131,27167,26895,27438,2.15,2.11,2.20,440,435,445,5,5,0.080,0.176,1.1%,1.1%
132,26579,26313,26844,2.13,2.08,2.17,434,429,439,5,5,0.081,0.176,1.2%,1.2%
133,26005,25745,26265,2.10,2.05,2.15,429,424,434,5,5,0.082,0.175,1.2%,1.2%
134,25446,25191,25700,2.07,2.03,2.12,424,419,429,5,5,0.082,0.175,1.2%,1.2%
135,24900,24651,25149,2.05,2.00,2.09,419,414,424,5,5,0.083,0.174,1.2%,1.2%
136,24368,24125,24612,2.02,1.98,2.07,413,409,418,4,5,0.084,0.174,1.0%,1.2%
137,23849,23611,24088,2.00,1.95,2.04,408,403,413,5,5,0.085,0.173,1.2%,1.2%
138,23343,23110,23577,1.97,1.93,2.02,403,398,408,5,5,0.086,0.173,1.2%,1.2%
139,22849,22621,23078,1.95,1.91,1.99,398,393,403,5,5,0.086,0.172,1.3%,1.3%
140,22368,22144,22591,1.92,1.88,1.97,393,388,398,5,5,0.087,0.171,1.3%,1.3%
141,21898,21679,22117,1.90,1.86,1.94,388,383,393,5,5,0.088,0.170,1.3%,1.3%
142,21439,21225,21653,1.87,1.83,1.92,383,378,388,5,5,0.089,0.170,1.3%,1.3%
143,20991,20782,21201,1.85,1.81,1.89,378,373,383,5,5,0.089,0.169,1.3%,1.3%
144,20555,20349,20760,1.83,1.79,1.87,373,368,378,5,5,0.090,0.168,1.3%,1.3%
145,20128,19927,20330,1.80,1.76,1.84,368,364,373,4,5,0.091,0.167,1.1%,1.4%
146,19712,19515,19909,1.78,1.74,1.82,363,359,368,4,5,0.091,0.166,1.1%,1.4%
147,19306,19113,19499,1.76,1.72,1.80,359,354,363,5,4,0.092,0.165,1.4%,1.1%
148,18910,18721,19099,1.73,1.69,1.77,354,349,359,5,5,0.093,0.165,1.4%,1.4%
149,18523,18337,18708,1.71,1.67,1.75,349,345,354,4,5,0.094,0.164,1.1%,1.4%
150,18145,17963,18326,1.69,1.65,1.73,345,340,349,5,4,0.094,0.163,1.4%,1.2%
151,17776,17598,17953,1.66,1.63,1.70,340,336,345,4,5,0.095,0.162,1.2%,1.5%
152,17415,17241,17589,1.64,1.60,1.68,335,331,340,4,5,0.096,0.161,1.2%,1.5%
153,17063,16893,17234,1.62,1.58,1.66,331,327,335,4,4,0.096,0.160,1.2%,1.2%
154,16720,16552,16887,1.60,1.56,1.64,327,322,331,5,4,0.097,0.159,1.5%,1.2%
155,16384,16220,16548,1.58,1.54,1.61,322,318,327,4,5,0.098,0.157,1.2%,1.6%
156,16056,15896,16217,1.56,1.52,1.59,318,313,322,5,4,0.098,0.156,1.6%,1.3%
157,15736,15578,15893,1.53,1.50,1.57,313,309,318,4,5,0.099,0.155,1.3%,1.6%
158,15423,15269,15577,1.51,1.48,1.55,309,305,313,4,4,0.099,0.154,1.3%,1.3%
159,15117,14966,15268,1.49,1.46,1.53,305,301,309,4,4,0.100,0.153,1.3%,1.3%
160,14819,14670,14967,1.47,1.44,1.51,301,296,305,5,4,0.101,0.152,1.7%,1.3%
161,14527,14381,14672,1.45,1.42,1.49,297,292,301,5,4,0.101,0.151,1.7%,1.3%
162,14242,14099,14384,1.43,1.40,1.47,292,288,297,4,5,0.102,0.150,1.4%,1.7%
163,13963,13823,14103,1.41,1.38,1.45,288,284,293,4,5,0.103,0.148,1.4%,1.7%
164,13691,13554,13827,1.39,1.36,1.43,284,280,288,4,4,0.103,0.147,1.4%,1.4%
165,13424,13290,13559,1.37,1.34,1.41,280,276,284,4,4,0.104,0.146,1.4%,1.4%
166,13164,13032,13296,1.35,1.32,1.39,276,272,281,4,5,0.104,0.145,1.4%,1.8%
167,12910,12781,13039,1.33,1.30,1.37,273,269,277,4,4,0.105,0.144,1.5%,1.5%
168,12661,12534,12788,1.32,1.28,1.35,269,265,273,4,4,0.105,0.142,1.5%,1.5%
169,12418,12294,12542,1.30,1.27,1.33,265,261,269,4,4,0.106,0.141,1.5%,1.5%
170,12180,12059,12302,1.28,1.25,1.31,261,257,265,4,4,0.107,0.140,1.5%,1.5%
171,11948,11828,12067,1.26,1.23,1.29,258,254,261,4,3,0.107,0.139,1.6%,1.2%
172,11721,11603,11838,1.24,1.21,1.27,254,250,258,4,4,0.108,0.137,1.6%,1.6%
173,11498,11383,11613,1.23,1.20,1.26,250,247,254,3,4,0.108,0.136,1.2%,1.6%
174,11281,11168,11394,1.21,1.18,1.24,247,243,251,4,4,0.109,0.135,1.6%,1.6%
175,11069,10958,11179,1.19,1.16,1.22,243,240,247,3,4,0.109,0.133,1.2%,1.6%
176,10861,10752,10969,1.17,1.14,1.20,240,236,243,4,3,0.110,0.132,1.7%,1.3%
177,10657,10551,10764,1.16,1.13,1.19,236,233,240,3,4,0.110,0.131,1.3%,1.7%
178,10458,10354,10563,1.14,1.11,1.17,233,229,237,4,4,0.111,0.130,1.7%,1.7%
179,10264,10161,10366,1.12,1.10,1.15,230,226,233,4,3,0.111,0.128,1.7%,1.3%
180,10073,9973,10174,1.11,1.08,1.14,226,223,230,3,4,0.112,0.127,1.3%,1.8%
181,9887,9788,9986,1.09,1.07,1.12,223,220,227,3,4,0.112,0.126,1.3%,1.8%
182,9705,9608,9802,1.08,1.05,1.11,220,216,223,4,3,0.113,0.125,1.8%,1.4%
183,9526,9431,9622,1.06,1.03,1.09,217,213,220,4,3,0.113,0.123,1.8%,1.4%
184,9352,9258,9445,1.05,1.02,1.07,214,210,217,4,3,0.114,0.122,1.9%,1.4%
185,9181,9089,9273,1.03,1.01,1.06,211,207,214,4,3,0.114,0.121,1.9%,1.4%
186,9014,8924,9104,1.02,0.99,1.04,208,204,211,4,3,0.115,0.120,1.9%,1.4%
187,8850,8762,8939,1.00,0.98,1.03,205,201,208,4,3,0.115,0.118,2.0%,1.5%
188,8690,8603,8777,0.99,0.96,1.01,202,198,205,4,3,0.115,0.117,2.0%,1.5%
189,8533,8448,8619,0.97,0.95,1.00,199,195,202,4,3,0.116,0.116,2.0%,1.5%
190,8380,8296,8463,0.96,0.93,0.98,196,193,199,3,3,0.116,0.115,1.5%,1.5%
191,8229,8147,8312,0.95,0.92,0.97,193,190,196,3,3,0.117,0.113,1.6%,1.6%
192,8082,8001,8163,0.93,0.91,0.96,190,187,193,3,3,0.117,0.112,1.6%,1.6%
193,7938,7859,8018,0.92,0.89,0.94,187,184,190,3,3,0.118,0.111,1.6%,1.6%
194,7797,7719,7875,0.91,0.88,0.93,185,182,188,3,3,0.118,0.110,1.6%,1.6%
195,7659,7582,7736,0.89,0.87,0.92,182,179,185,3,3,0.118,0.108,1.6%,1.6%
196,7524,7448,7599,0.88,0.86,0.90,179,176,182,3,3,0.119,0.107,1.7%,1.7%
197,7391,7317,7465,0.87,0.84,0.89,177,174,180,3,3,0.119,0.106,1.7%,1.7%
198,7261,7189,7334,0.85,0.83,0.88,174,171,177,3,3,0.120,0.105,1.7%,1.7%
199,7134,7063,7206,0.84,0.82,0.86,172,169,175,3,3,0.120,0.104,1.7%,1.7%
200,7010,6940,7080,0.83,0.81,0.85,169,166,172,3,3,0.120,0.102,1.8%,1.8%
201,6888,6819,6957,0.82,0.80,0.84,167,164,170,3,3,0.121,0.101,1.8%,1.8%
202,6768,6701,6836,0.81,0.78,0.83,164,162,167,2,3,0.121,0.100,1.2%,1.8%
203,6651,6585,6718,0.79,0.77,0.82,162,159,165,3,3,0.121,0.099,1.9%,1.9%
204,6537,6471,6602,0.78,0.76,0.80,160,157,162,3,2,0.122,0.098,1.9%,1.3%
205,6424,6360,6488,0.77,0.75,0.79,157,155,160,2,3,0.122,0.097,1.3%,1.9%
206,6314,6251,6377,0.76,0.74,0.78,155,152,158,3,3,0.122,0.096,1.9%,1.9%
207,6206,6144,6268,0.75,0.73,0.77,153,150,155,3,2,0.123,0.094,2.0%,1.3%
208,6100,6039,6161,0.74,0.72,0.76,151,148,153,3,2,0.123,0.093,2.0%,1.3%
209,5997,5937,6057,0.73,0.71,0.75,148,146,151,2,3,0.123,0.092,1.4%,2.0%
210,5895,5836,5954,0.72,0.70,0.74,146,144,149,2,3,0.124,0.091,1.4%,2.1%
211,5796,5738,5854,0.71,0.69,0.73,144,142,147,2,3,0.124,0.090,1.4%,2.1%
212,5698,5641,5755,0.70,0.68,0.72,142,140,145,2,3,0.124,0.089,1.4%,2.1%
213,5602,5546,5658,0.69,0.67,0.71,140,138,142,2,2,0.125,0.088,1.4%,1.4%
214,5509,5454,5564,0.68,0.66,0.70,138,136,140,2,2,0.125,0.087,1.4%,1.4%
215,5417,5362,5471,0.67,0.65,0.69,136,134,138,2,2,0.125,0.086,1.5%,1.5%
216,5327,5273,5380,0.66,0.64,0.68,134,132,136,2,2,0.126,0.085,1.5%,1.5%
217,5238,5186,5291,0.65,0.63,0.67,132,130,134,2,2,0.126,0.084,1.5%,1.5%
218,5151,5100,5203,0.64,0.62,0.66,130,128,132,2,2,0.126,0.083,1.5%,1.5%
219,5066,5016,5117,0.63,0.61,0.65,128,126,131,2,3,0.126,0.082,1.6%,2.3%
220,4983,4933,5033,0.62,0.60,0.64,126,124,129,2,3,0.127,0.081,1.6%,2.4%
221,4901,4852,4950,0.61,0.59,0.63,125,122,127,3,2,0.127,0.080,2.4%,1.6%
222,4821,4773,4869,0.60,0.59,0.62,123,121,125,2,2,0.127,0.079,1.6%,1.6%
223,4743,4695,4790,0.59,0.58,0.61,121,119,123,2,2,0.128,0.078,1.7%,1.7%
224,4666,4619,4712,0.59,0.57,0.60,119,117,121,2,2,0.128,0.077,1.7%,1.7%
225,4590,4544,4636,0.58,0.56,0.59,118,116,120,2,2,0.128,0.076,1.7%,1.7%
226,4516,4471,4561,0.57,0.55,0.59,116,114,118,2,2,0.128,0.075,1.7%,1.7%
227,4443,4399,4487,0.56,0.55,0.58,114,112,116,2,2,0.129,0.074,1.8%,1.8%
228,4372,4328,4415,0.55,0.54,0.57,113,111,115,2,2,0.129,0.073,1.8%,1.8%
229,4302,4259,4345,0.55,0.53,0.56,111,109,113,2,2,0.129,0.072,1.8%,1.8%
230,4233,4190,4275,0.54,0.52,0.55,109,108,111,1,2,0.129,0.071,0.9%,1.8%
231,4165,4124,4207,0.53,0.52,0.54,108,106,110,2,2,0.129,0.071,1.9%,1.9%
232,4099,4058,4140,0.52,0.51,0.54,106,104,108,2,2,0.130,0.070,1.9%,1.9%
233,4034,3994,4075,0.51,0.50,0.53,105,103,107,2,2,0.130,0.069,1.9%,1.9%
234,3971,3931,4010,0.51,0.49,0.52,103,102,105,1,2,0.130,0.068,1.0%,1.9%
235,3908,3869,3947,0.50,0.49,0.51,102,100,104,2,2,0.130,0.067,2.0%,2.0%
236,3847,3808,3885,0.49,0.48,0.51,100,99,102,1,2,0.131,0.066,1.0%,2.0%
237,3786,3749,3824,0.49,0.47,0.50,99,97,101,2,2,0.131,0.065,2.0%,2.0%
238,3727,3690,3765,0.48,0.47,0.49,98,96,99,2,1,0.131,0.065,2.0%,1.0%
239,3669,3633,3706,0.47,0.46,0.49,96,95,98,1,2,0.131,0.064,1.0%,2.1%
240,3612,3576,3648,0.47,0.45,0.48,95,93,97,2,2,0.131,0.063,2.1%,2.1%
241,3556,3521,3592,0.46,0.45,0.47,94,92,95,2,1,0.132,0.062,2.1%,1.1%
242,3501,3466,3536,0.45,0.44,0.47,92,91,94,1,2,0.132,0.061,1.1%,2.2%
243,3447,3413,3482,0.45,0.43,0.46,91,89,93,2,2,0.132,0.061,2.2%,2.2%
244,3395,3361,3429,0.44,0.43,0.45,90,88,91,2,1,0.132,0.060,2.2%,1.1%
245,3343,3309,3376,0.43,0.42,0.45,88,87,90,1,2,0.132,0.059,1.1%,2.3%
246,3292,3259,3324,0.43,0.42,0.44,87,86,89,1,2,0.133,0.058,1.1%,2.3%
247,3241,3209,3274,0.42,0.41,0.43,86,84,88,2,2,0.133,0.058,2.3%,2.3%
248,3192,3160,3224,0.42,0.41,0.43,85,83,86,2,1,0.133,0.057,2.4%,1.2%
249,3144,3112,3175,0.41,0.40,0.42,84,82,85,2,1,0.133,0.056,2.4%,1.2%
250,3096,3065,3127,0.41,0.39,0.42,82,81,84,1,2,0.133,0.056,1.2%,2.4%
251,3050,3019,3080,0.40,0.39,0.41,81,80,83,1,2,0.133,0.055,1.2%,2.5%
252,3004,2974,3034,0.39,0.38,0.41,80,79,82,1,2,0.134,0.054,1.3%,2.5%
253,2959,2929,2989,0.39,0.38,0.40,79,78,81,1,2,0.134,0.054,1.3%,2.5%
254,2915,2886,2944,0.38,0.37,0.39,78,77,79,1,1,0.134,0.053,1.3%,1.3%
255,2872,2843,2900,0.38,0.37,0.39,77,75,78,2,1,0.134,0.052,2.6%,1.3%
256,2829,2801,2857,0.37,0.36,0.38,76,74,77,2,1,0.134,0.052,2.6%,1.3%
257,2787,2759,2815,0.37,0.36,0.38,75,73,76,2,1,0.134,0.051,2.7%,1.3%
258,2746,2718,2773,0.36,0.35,0.37,74,72,75,2,1,0.135,0.050,2.7%,1.4%
259,2705,2678,2732,0.36,0.35,0.37,73,71,74,2,1,0.135,0.050,2.7%,1.4%
260,2666,2639,2692,0.35,0.34,0.36,72,70,73,2,1,0.135,0.049,2.8%,1.4%
261,2627,2600,2653,0.35,0.34,0.36,71,69,72,2,1,0.135,0.048,2.8%,1.4%
262,2588,2562,2614,0.34,0.33,0.35,70,68,71,2,1,0.135,0.048,2.9%,1.4%
263,2551,2525,2576,0.34,0.33,0.35,69,68,70,1,1,0.135,0.047,1.4%,1.4%
264,2514,2488,2539,0.33,0.32,0.34,68,67,69,1,1,0.135,0.047,1.5%,1.5%
265,2477,2452,2502,0.33,0.32,0.34,67,66,68,1,1,0.136,0.046,1.5%,1.5%
266,2441,2417,2466,0.33,0.32,0.33,66,65,67,1,1,0.136,0.045,1.5%,1.5%
267,2406,2382,2430,0.32,0.31,0.33,65,64,66,1,1,0.136,0.045,1.5%,1.5%
268,2372,2348,2395,0.32,0.31,0.33,64,63,66,1,2,0.136,0.044,1.6%,3.1%
269,2338,2314,2361,0.31,0.30,0.32,63,62,65,1,2,0.136,0.044,1.6%,3.2%
270,2304,2281,2327,0.31,0.30,0.32,63,61,64,2,1,0.136,0.043,3.2%,1.6%
271,2272,2249,2294,0.30,0.30,0.31,62,61,63,1,1,0.136,0.043,1.6%,1.6%
272,2239,2217,2262,0.30,0.29,0.31,61,60,62,1,1,0.137,0.042,1.6%,1.6%
273,2208,2185,2230,0.30,0.29,0.30,60,59,61,1,1,0.137,0.042,1.7%,1.7%
274,2176,2155,2198,0.29,0.28,0.30,59,58,60,1,1,0.137,0.041,1.7%,1.7%
275,2146,2124,2167,0.29,0.28,0.30,58,57,60,1,2,0.137,0.041,1.7%,3.4%
276,2115,2094,2137,0.28,0.28,0.29,58,57,59,1,1,0.137,0.040,1.7%,1.7%
277,2086,2065,2107,0.28,0.27,0.29,57,56,58,1,1,0.137,0.040,1.8%,1.8%
278,2057,2036,2077,0.28,0.27,0.29,56,55,57,1,1,0.137,0.039,1.8%,1.8%
279,2028,2008,2048,0.27,0.27,0.28,55,54,56,1,1,0.137,0.039,1.8%,1.8%
280,2000,1980,2020,0.27,0.26,0.28,55,54,56,1,1,0.137,0.038,1.8%,1.8%
281,1972,1952,1992,0.27,0.26,0.27,54,53,55,1,1,0.138,0.038,1.9%,1.9%
282,1945,1925,1964,0.26,0.26,0.27,53,52,54,1,1,0.138,0.037,1.9%,1.9%
283,1918,1899,1937,0.26,0.25,0.27,53,52,54,1,1,0.138,0.037,1.9%,1.9%
284,1892,1873,1911,0.26,0.25,0.26,52,51,53,1,1,0.138,0.036,1.9%,1.9%
285,1866,1847,1884,0.25,0.25,0.26,51,50,52,1,1,0.138,0.036,2.0%,2.0%
286,1840,1822,1859,0.25,0.24,0.26,51,50,51,1,0,0.138,0.035,2.0%,0.0%
287,1815,1797,1833,0.25,0.24,0.25,50,49,51,1,1,0.138,0.035,2.0%,2.0%
288,1790,1772,1808,0.24,0.24,0.25,49,48,50,1,1,0.138,0.035,2.0%,2.0%
289,1766,1748,1784,0.24,0.23,0.25,49,48,49,1,0,0.138,0.034,2.0%,0.0%
290,1742,1725,1760,0.24,0.23,0.24,48,47,49,1,1,0.138,0.034,2.1%,2.1%
291,1719,1701,1736,0.23,0.23,0.24,47,46,48,1,1,0.139,0.033,2.1%,2.1%
292,1695,1678,1712,0.23,0.22,0.24,47,46,48,1,1,0.139,0.033,2.1%,2.1%
293,1673,1656,1689,0.23,0.22,0.23,46,45,47,1,1,0.139,0.033,2.2%,2.2%
294,1650,1634,1667,0.22,0.22,0.23,45,45,46,0,1,0.139,0.032,0.0%,2.2%
295,1628,1612,1644,0.22,0.22,0.23,45,44,46,1,1,0.139,0.032,2.2%,2.2%
296,1607,1590,1623,0.22,0.21,0.23,44,43,45,1,1,0.139,0.031,2.3%,2.3%
297,1585,1569,1601,0.22,0.21,0.22,44,43,45,1,1,0.139,0.031,2.3%,2.3%
298,1564,1549,1580,0.21,0.21,0.22,43,42,44,1,1,0.139,0.031,2.3%,2.3%
299,1543,1528,1559,0.21,0.20,0.22,43,42,43,1,0,0.139,0.030,2.3%,0.0%
300,1523,1508,1538,0.21,0.20,0.21,42,41,43,1,1,0.139,0.030,2.4%,2.4%
301,1503,1488,1518,0.21,0.20,0.21,42,41,42,1,0,0.139,0.030,2.4%,0.0%
302,1483,1469,1498,0.20,0.20,0.21,41,40,42,1,1,0.140,0.029,2.4%,2.4%
303,1464,1449,1479,0.20,0.19,0.21,41,40,41,1,0,0.140,0.029,2.4%,0.0%
304,1445,1430,1459,0.20,0.19,0.20,40,39,41,1,1,0.140,0.028,2.5%,2.5%
305,1426,1412,1440,0.20,0.19,0.20,39,39,40,0,1,0.140,0.028,0.0%,2.6%
306,1408,1393,1422,0.19,0.19,0.20,39,38,40,1,1,0.140,0.028,2.6%,2.6%
307,1389,1375,1403,0.19,0.19,0.20,39,38,39,1,0,0.140,0.027,2.6%,0.0%
308,1371,1358,1385,0.19,0.18,0.19,38,37,39,1,1,0.140,0.027,2.6%,2.6%
309,1354,1340,1367,0.19,0.18,0.19,38,37,38,1,0,0.140,0.027,2.6%,0.0%
310,1336,1323,1350,0.18,0.18,0.19,37,36,38,1,1,0.140,0.026,2.7%,2.7%
311,1319,1306,1332,0.18,0.18,0.19,37,36,37,1,0,0.140,0.026,2.7%,0.0%
312,1302,1289,1315,0.18,0.17,0.18,36,35,37,1,1,0.140,0.026,2.8%,2.8%
313,1286,1273,1299,0.18,0.17,0.18,36,35,36,1,0,0.140,0.026,2.8%,0.0%
314,1269,1257,1282,0.17,0.17,0.18,35,35,36,0,1,0.140,0.025,0.0%,2.9%
315,1253,1241,1266,0.17,0.17,0.18,35,34,36,1,1,0.140,0.025,2.9%,2.9%
316,1237,1225,1250,0.17,0.17,0.18,34,34,35,0,1,0.141,0.025,0.0%,2.9%
317,1222,1210,1234,0.17,0.16,0.17,34,33,35,1,1,0.141,0.024,2.9%,2.9%
318,1206,1194,1219,0.17,0.16,0.17,34,33,34,1,0,0.141,0.024,2.9%,0.0%
319,1191,1179,1203,0.16,0.16,0.17,33,32,34,1,1,0.141,0.024,3.0%,3.0%
320,1176,1165,1188,0.16,0.16,0.17,33,32,33,1,0,0.141,0.024,3.0%,0.0%
321,1162,1150,1173,0.16,0.16,0.17,32,32,33,0,1,0.141,0.023,0.0%,3.1%
322,1147,1136,1159,0.16,0.15,0.16,32,31,33,1,1,0.141,0.023,3.1%,3.1%
323,1133,1122,1144,0.16,0.15,0.16,32,31,32,1,0,0.141,0.023,3.1%,0.0%
324,1119,1108,1130,0.15,0.15,0.16,31,31,32,0,1,0.141,0.022,0.0%,3.2%
325,1105,1094,1116,0.15,0.15,0.16,31,30,31,1,0,0.141,0.022,3.2%,0.0%
326,1091,1081,1102,0.15,0.15,0.16,30,30,31,0,1,0.141,0.022,0.0%,3.3%
327,1078,1067,1089,0.15,0.14,0.15,30,29,31,1,1,0.141,0.022,3.3%,3.3%
328,1065,1054,1075,0.15,0.14,0.15,30,29,30,1,0,0.141,0.021,3.3%,0.0%
329,1052,1041,1062,0.15,0.14,0.15,29,29,30,0,1,0.141,0.021,0.0%,3.4%
330,1039,1029,1049,0.14,0.14,0.15,29,28,30,1,1,0.141,0.021,3.4%,3.4%
331,1026,1016,1037,0.14,0.14,0.15,29,28,29,1,0,0.141,0.021,3.4%,0.0%
332,1014,1004,1024,0.14,0.14,0.14,28,28,29,0,1,0.141,0.020,0.0%,3.6%
333,1002,992,1012,0.14,0.13,0.14,28,27,28,1,0,0.141,0.020,3.6%,0.0%
334,989,980,999,0.14,0.13,0.14,28,27,28,1,0,0.142,0.020,3.6%,0.0%
335,977,968,987,0.14,0.13,0.14,27,27,28,0,1,0.142,0.020,0.0%,3.7%
336,966,956,975,0.13,0.13,0.14,27,26,27,1,0,0.142,0.020,3.7%,0.0%
337,954,945,964,0.13,0.13,0.14,27,26,27,1,0,0.142,0.019,3.7%,0.0%
338,943,933,952,0.13,0.13,0.13,26,26,27,0,1,0.142,0.019,0.0%,3.8%
339,931,922,941,0.13,0.13,0.13,26,25,27,1,1,0.142,0.019,3.8%,3.8%
340,920,911,930,0.13,0.12,0.13,26,25,26,1,0,0.142,0.019,3.8%,0.0%
341,909,900,919,0.13,0.12,0.13,25,25,26,0,1,0.142,0.018,0.0%,4.0%
342,899,890,908,0.13,0.12,0.13,25,25,26,0,1,0.142,0.018,0.0%,4.0%
343,888,879,897,0.12,0.12,0.13,25,24,25,1,0,0.142,0.018,4.0%,0.0%
344,878,869,886,0.12,0.12,0.13,25,24,25,1,0,0.142,0.018,4.0%,0.0%
345,867,859,876,0.12,0.12,0.12,24,24,25,0,1,0.142,0.018,0.0%,4.2%
346,857,849,866,0.12,0.12,0.12,24,23,24,1,0,0.142,0.017,4.2%,0.0%
347,847,839,856,0.12,0.11,0.12,24,23,24,1,0,0.142,0.017,4.2%,0.0%
348,837,829,846,0.12,0.11,0.12,23,23,24,0,1,0.142,0.017,0.0%,4.3%
349,827,819,836,0.12,0.11,0.12,23,23,24,0,1,0.142,0.017,0.0%,4.3%
350,818,810,826,0.11,0.11,0.12,23,22,23,1,0,0.142,0.017,4.3%,0.0%
351,808,800,816,0.11,0.11,0.12,23,22,23,1,0,0.142,0.017,4.3%,0.0%
352,799,791,807,0.11,0.11,0.11,22,22,23,0,1,0.142,0.016,0.0%,4.5%
353,790,782,798,0.11,0.11,0.11,22,22,23,0,1,0.142,0.016,0.0%,4.5%
354,781,773,789,0.11,0.11,0.11,22,21,22,1,0,0.142,0.016,4.5%,0.0%
355,772,764,779,0.11,0.10,0.11,22,21,22,1,0,0.142,0.016,4.5%,0.0%
356,763,755,771,0.11,0.10,0.11,21,21,22,0,1,0.142,0.016,0.0%,4.8%
357,754,747,762,0.11,0.10,0.11,21,21,21,0,0,0.143,0.015,0.0%,0.0%
358,746,738,753,0.10,0.10,0.11,21,20,21,1,0,0.143,0.015,4.8%,0.0%
359,737,730,745,0.10,0.10,0.11,21,20,21,1,0,0.143,0.015,4.8%,0.0%
360,729,721,736,0.10,0.10,0.10,20,20,21,0,1,0.143,0.015,0.0%,5.0%
361,721,713,728,0.10,0.10,0.10,20,20,21,0,1,0.143,0.015,0.0%,5.0%
362,712,705,720,0.10,0.10,0.10,20,19,20,1,0,0.143,0.015,5.0%,0.0%
363,704,697,711,0.10,0.10,0.10,20,19,20,1,0,0.143,0.014,5.0%,0.0%
364,696,690,703,0.10,0.09,0.10,19,19,20,0,1,0.143,0.014,0.0%,5.3%
365,689,682,696,0.10,0.09,0.10,19,19,20,0,1,0.143,0.014,0.0%,5.3%
366,681,674,688,0.10,0.09,0.10,19,19,19,0,0,0.143,0.014,0.0%,0.0%
367,673,667,680,0.09,0.09,0.10,19,18,19,1,0,0.143,0.014,5.3%,0.0%
368,666,659,673,0.09,0.09,0.10,19,18,19,1,0,0.143,0.014,5.3%,0.0%
369,659,652,665,0.09,0.09,0.10,18,18,19,0,1,0.143,0.014,0.0%,5.6%
370,651,645,658,0.09,0.09,0.09,18,18,19,0,1,0.143,0.013,0.0%,5.6%
371,644,638,650,0.09,0.09,0.09,18,18,18,0,0,0.143,0.013,0.0%,0.0%
372,637,631,643,0.09,0.09,0.09,18,17,18,1,0,0.143,0.013,5.6%,0.0%
373,630,624,636,0.09,0.09,0.09,18,17,18,1,0,0.143,0.013,5.6%,0.0%
374,623,617,629,0.09,0.08,0.09,17,17,18,0,1,0.143,0.013,0.0%,5.9%
375,616,610,622,0.09,0.08,0.09,17,17,18,0,1,0.143,0.013,0.0%,5.9%
376,610,603,616,0.09,0.08,0.09,17,17,17,0,0,0.143,0.013,0.0%,0.0%
377,603,597,609,0.08,0.08,0.09,17,16,17,1,0,0.143,0.012,5.9%,0.0%
378,596,590,602,0.08,0.08,0.09,17,16,17,1,0,0.143,0.012,5.9%,0.0%
379,590,584,596,0.08,0.08,0.09,16,16,17,0,1,0.143,0.012,0.0%,6.3%
380,584,578,589,0.08,0.08,0.08,16,16,17,0,1,0.143,0.012,0.0%,6.3%
381,577,571,583,0.08,0.08,0.08,16,16,16,0,0,0.143,0.012,0.0%,0.0%
382,571,565,577,0.08,0.08,0.08,16,16,16,0,0,0.143,0.012,0.0%,0.0%
383,565,559,571,0.08,0.08,0.08,16,15,16,1,0,0.143,0.012,6.3%,0.0%
384,559,553,564,0.08,0.08,0.08,16,15,16,1,0,0.143,0.012,6.3%,0.0%
385,553,547,558,0.08,0.08,0.08,15,15,16,0,1,0.143,0.011,0.0%,6.7%
386,547,542,552,0.08,0.07,0.08,15,15,16,0,1,0.143,0.011,0.0%,6.7%
387,541,536,547,0.08,0.07,0.08,15,15,15,0,0,0.143,0.011,0.0%,0.0%
388,535,530,541,0.08,0.07,0.08,15,15,15,0,0,0.143,0.011,0.0%,0.0%
389,530,524,535,0.07,0.07,0.08,15,14,15,1,0,0.143,0.011,6.7%,0.0%
390,524,519,529,0.07,0.07,0.08,15,14,15,1,0,0.143,0.011,6.7%,0.0%
391,519,513,524,0.07,0.07,0.08,14,14,15,0,1,0.143,0.011,0.0%,7.1%
392,513,508,518,0.07,0.07,0.07,14,14,15,0,1,0.144,0.011,0.0%,7.1%
393,508,503,513,0.07,0.07,0.07,14,14,14,0,0,0.144,0.011,0.0%,0.0%
394,503,498,508,0.07,0.07,0.07,14,14,14,0,0,0.144,0.010,0.0%,0.0%
395,497,492,502,0.07,0.07,0.07,14,14,14,0,0,0.144,0.010,0.0%,0.0%
396,492,487,497,0.07,0.07,0.07,14,13,14,1,0,0.144,0.010,7.1%,0.0%
397,487,482,492,0.07,0.07,0.07,14,13,14,1,0,0.144,0.010,7.1%,0.0%
398,482,477,487,0.07,0.07,0.07,13,13,14,0,1,0.144,0.010,0.0%,7.7%
399,477,472,482,0.07,0.07,0.07,13,13,14,0,1,0.144,0.010,0.0%,7.7%
400,472,467,477,0.07,0.06,0.07,13,13,13,0,0,0.144,0.010,0.0%,0.0%
401,467,463,472,0.07,0.06,0.07,13,13,13,0,0,0.144,0.010,0.0%,0.0%
402,462,458,467,0.07,0.06,0.07,13,13,13,0,0,0.144,0.010,0.0%,0.0%
403,458,453,462,0.06,0.06,0.07,13,12,13,1,0,0.144,0.010,7.7%,0.0%
404,453,448,458,0.06,0.06,0.07,13,12,13,1,0,0.144,0.009,7.7%,0.0%
405,448,444,453,0.06,0.06,0.07,12,12,13,0,1,0.144,0.009,0.0%,8.3%
406,444,439,448,0.06,0.06,0.06,12,12,13,0,1,0.144,0.009,0.0%,8.3%
407,439,435,444,0.06,0.06,0.06,12,12,12,0,0,0.144,0.009,0.0%,0.0%
408,435,431,439,0.06,0.06,0.06,12,12,12,0,0,0.144,0.009,0.0%,0.0%
409,430,426,435,0.06,0.06,0.06,12,12,12,0,0,0.144,0.009,0.0%,0.0%
410,426,422,430,0.06,0.06,0.06,12,12,12,0,0,0.144,0.009,0.0%,0.0%
411,422,418,426,0.06,0.06,0.06,12,11,12,1,0,0.144,0.009,8.3%,0.0%
412,418,413,422,0.06,0.06,0.06,12,11,12,1,0,0.144,0.009,8.3%,0.0%
413,413,409,418,0.06,0.06,0.06,11,11,12,0,1,0.144,0.009,0.0%,9.1%
414,409,405,413,0.06,0.06,0.06,11,11,12,0,1,0.144,0.009,0.0%,9.1%
415,405,401,409,0.06,0.06,0.06,11,11,11,0,0,0.144,0.008,0.0%,0.0%
416,401,397,405,0.06,0.05,0.06,11,11,11,0,0,0.144,0.008,0.0%,0.0%
417,397,393,401,0.06,0.05,0.06,11,11,11,0,0,0.144,0.008,0.0%,0.0%
418,393,389,397,0.06,0.05,0.06,11,11,11,0,0,0.144,0.008,0.0%,0.0%
419,389,386,393,0.06,0.05,0.06,11,11,11,0,0,0.144,0.008,0.0%,0.0%
420,386,382,389,0.05,0.05,0.06,11,10,11,1,0,0.144,0.008,9.1%,0.0%
421,382,378,386,0.05,0.05,0.06,11,10,11,1,0,0.144,0.008,9.1%,0.0%
422,378,374,382,0.05,0.05,0.06,10,10,11,0,1,0.144,0.008,0.0%,10.0%
423,374,371,378,0.05,0.05,0.05,10,10,11,0,1,0.144,0.008,0.0%,10.0%
424,371,367,374,0.05,0.05,0.05,10,10,10,0,0,0.144,0.008,0.0%,0.0%
425,367,363,371,0.05,0.05,0.05,10,10,10,0,0,0.144,0.008,0.0%,0.0%
426,364,360,367,0.05,0.05,0.05,10,10,10,0,0,0.144,0.008,0.0%,0.0%
427,360,356,364,0.05,0.05,0.05,10,10,10,0,0,0.144,0.008,0.0%,0.0%
428,357,353,360,0.05,0.05,0.05,10,10,10,0,0,0.144,0.007,0.0%,0.0%
429,353,350,357,0.05,0.05,0.05,10,10,10,0,0,0.144,0.007,0.0%,0.0%
430,350,346,353,0.05,0.05,0.05,10,9,10,1,0,0.144,0.007,10.0%,0.0%
431,346,343,350,0.05,0.05,0.05,10,9,10,1,0,0.144,0.007,10.0%,0.0%
432,343,340,346,0.05,0.05,0.05,9,9,10,0,1,0.144,0.007,0.0%,11.1%
433,340,336,343,0.05,0.05,0.05,9,9,10,0,1,0.144,0.007,0.0%,11.1%
434,336,333,340,0.05,0.05,0.05,9,9,9,0,0,0.144,0.007,0.0%,0.0%
435,333,330,337,0.05,0.05,0.05,9,9,9,0,0,0.144,0.007,0.0%,0.0%
436,330,327,333,0.05,0.05,0.05,9,9,9,0,0,0.144,0.007,0.0%,0.0%
437,327,324,330,0.05,0.04,0.05,9,9,9,0,0,0.144,0.007,0.0%,0.0%
438,324,321,327,0.05,0.04,0.05,9,9,9,0,0,0.144,0.007,0.0%,0.0%
439,321,318,324,0.05,0.04,0.05,9,9,9,0,0,0.144,0.007,0.0%,0.0%
440,318,315,321,0.04,0.04,0.05,9,9,9,0,0,0.144,0.007,0.0%,0.0%
441,315,312,318,0.04,0.04,0.05,9,8,9,1,0,0.144,0.007,11.1%,0.0%
442,312,309,315,0.04,0.04,0.05,9,8,9,1,0,0.144,0.007,11.1%,0.0%
443,309,306,312,0.04,0.04,0.05,8,8,9,0,1,0.144,0.007,0.0%,12.5%
444,306,303,309,0.04,0.04,0.04,8,8,9,0,1,0.144,0.006,0.0%,12.5%
445,303,300,306,0.04,0.04,0.04,8,8,8,0,0,0.144,0.006,0.0%,0.0%
446,300,297,303,0.04,0.04,0.04,8,8,8,0,0,0.144,0.006,0.0%,0.0%
447,298,295,301,0.04,0.04,0.04,8,8,8,0,0,0.144,0.006,0.0%,0.0%
448,295,292,298,0.04,0.04,0.04,8,8,8,0,0,0.144,0.006,0.0%,0.0%
449,292,289,295,0.04,0.04,0.04,8,8,8,0,0,0.144,0.006,0.0%,0.0%
450,289,287,292,0.04,0.04,0.04,8,8,8,0,0,0.144,0.006,0.0%,0.0%
451,287,284,290,0.04,0.04,0.04,8,8,8,0,0,0.144,0.006,0.0%,0.0%
452,284,281,287,0.04,0.04,0.04,8,8,8,0,0,0.145,0.006,0.0%,0.0%
453,282,279,284,0.04,0.04,0.04,8,8,8,0,0,0.145,0.006,0.0%,0.0%
454,279,276,282,0.04,0.04,0.04,8,7,8,1,0,0.145,0.006,12.5%,0.0%
455,276,274,279,0.04,0.04,0.04,8,7,8,1,0,0.145,0.006,12.5%,0.0%
456,274,271,277,0.04,0.04,0.04,7,7,8,0,1,0.145,0.006,0.0%,14.3%
457,271,269,274,0.04,0.04,0.04,7,7,8,0,1,0.145,0.006,0.0%,14.3%
458,269,266,272,0.04,0.04,0.04,7,7,7,0,0,0.145,0.006,0.0%,0.0%
459,267,264,269,0.04,0.04,0.04,7,7,7,0,0,0.145,0.006,0.0%,0.0%
460,264,262,267,0.04,0.04,0.04,7,7,7,0,0,0.145,0.006,0.0%,0.0%
461,262,259,264,0.04,0.04,0.04,7,7,7,0,0,0.145,0.006,0.0%,0.0%
462,259,257,262,0.04,0.04,0.04,7,7,7,0,0,0.145,0.005,0.0%,0.0%
463,257,255,260,0.04,0.04,0.04,7,7,7,0,0,0.145,0.005,0.0%,0.0%
464,255,252,257,0.04,0.04,0.04,7,7,7,0,0,0.145,0.005,0.0%,0.0%
465,253,250,255,0.04,0.03,0.04,7,7,7,0,0,0.145,0.005,0.0%,0.0%
466,250,248,253,0.04,0.03,0.04,7,7,7,0,0,0.145,0.005,0.0%,0.0%
467,248,246,251,0.04,0.03,0.04,7,7,7,0,0,0.145,0.005,0.0%,0.0%
468,246,243,248,0.03,0.03,0.04,7,6,7,1,0,0.145,0.005,14.3%,0.0%
469,244,241,246,0.03,0.03,0.04,7,6,7,1,0,0.145,0.005,14.3%,0.0%
470,242,239,244,0.03,0.03,0.04,7,6,7,1,0,0.145,0.005,14.3%,0.0%
471,239,237,242,0.03,0.03,0.03,6,6,7,0,1,0.145,0.005,0.0%,16.7%
472,237,235,240,0.03,0.03,0.03,6,6,7,0,1,0.145,0.005,0.0%,16.7%
473,235,233,238,0.03,0.03,0.03,6,6,6,0,0,0.145,0.005,0.0%,0.0%
474,233,231,236,0.03,0.03,0.03,6,6,6,0,0,0.145,0.005,0.0%,0.0%
475,231,229,233,0.03,0.03,0.03,6,6,6,0,0,0.145,0.005,0.0%,0.0%
476,229,227,231,0.03,0.03,0.03,6,6,6,0,0,0.145,0.005,0.0%,0.0%
477,227,225,229,0.03,0.03,0.03,6,6,6,0,0,0.145,0.005,0.0%,0.0%
478,225,223,227,0.03,0.03,0.03,6,6,6,0,0,0.145,0.005,0.0%,0.0%
479,223,221,225,0.03,0.03,0.03,6,6,6,0,0,0.145,0.005,0.0%,0.0%
480,221,219,224,0.03,0.03,0.03,6,6,6,0,0,0.145,0.005,0.0%,0.0%
481,219,217,222,0.03,0.03,0.03,6,6,6,0,0,0.145,0.005,0.0%,0.0%
482,218,215,220,0.03,0.03,0.03,6,6,6,0,0,0.145,0.005,0.0%,0.0%
483,216,213,218,0.03,0.03,0.03,6,6,6,0,0,0.145,0.005,0.0%,0.0%
484,214,212,216,0.03,0.03,0.03,6,6,6,0,0,0.145,0.005,0.0%,0.0%
485,212,210,214,0.03,0.03,0.03,6,6,6,0,0,0.145,0.004,0.0%,0.0%
486,210,208,212,0.03,0.03,0.03,6,5,6,1,0,0.145,0.004,16.7%,0.0%
487,208,206,210,0.03,0.03,0.03,6,5,6,1,0,0.145,0.004,16.7%,0.0%
488,207,205,209,0.03,0.03,0.03,6,5,6,1,0,0.145,0.004,16.7%,0.0%
489,205,203,207,0.03,0.03,0.03,5,5,6,0,1,0.145,0.004,0.0%,20.0%
490,203,201,205,0.03,0.03,0.03,5,5,6,0,1,0.145,0.004,0.0%,20.0%
491,201,199,203,0.03,0.03,0.03,5,5,5,0,0,0.145,0.004,0.0%,0.0%
492,200,198,202,0.03,0.03,0.03,5,5,5,0,0,0.145,0.004,0.0%,0.0%
493,198,196,200,0.03,0.03,0.03,5,5,5,0,0,0.145,0.004,0.0%,0.0%
494,196,194,198,0.03,0.03,0.03,5,5,5,0,0,0.145,0.004,0.0%,0.0%
495,195,193,197,0.03,0.03,0.03,5,5,5,0,0,0.145,0.004,0.0%,0.0%
496,193,191,195,0.03,0.03,0.03,5,5,5,0,0,0.145,0.004,0.0%,0.0%
497,191,190,193,0.03,0.03,0.03,5,5,5,0,0,0.145,0.004,0.0%,0.0%
498,190,188,192,0.03,0.03,0.03,5,5,5,0,0,0.145,0.004,0.0%,0.0%
499,188,186,190,0.03,0.03,0.03,5,5,5,0,0,0.145,0.004,0.0%,0.0%
500,187,185,189,0.03,0.03,0.03,5,5,5,0,0,0.145,0.004,0.0%,0.0%
